feature_type,block_index,layer_fraction,is_primary_block,metric,n,mean,std,sem,median,q1,q3,min,max,pct_positive,pct_negative,pct_tied,cohens_dz,wilcoxon_stat,wilcoxon_p,tie_tolerance
raw,6,2/4,1,similarity_1e5_to_clean,339,0.521832,0.135553,0.007362,0.520399,0.399836,0.638194,0.252076,0.812630,,,,,,,
raw,6,2/4,1,similarity_render_to_clean,339,0.784332,0.061239,0.003326,0.790044,0.744895,0.830281,0.572941,0.899943,,,,,,,
raw,6,2/4,1,delta_render_over_1e5,339,0.262500,0.136154,0.007395,0.256079,0.165375,0.368167,-0.043533,0.635664,98.230088,1.769912,0.000000,1.927962,54.000000,0.000000,0.001
raw,6,2/4,1,different_scene_1e5_to_clean,339,0.454632,0.142642,0.007747,0.449076,0.330620,0.580488,0.184709,0.750604,,,,,,,
raw,6,2/4,1,different_scene_render_to_clean,339,0.721082,0.066047,0.003587,0.730413,0.678817,0.767205,0.498887,0.876722,,,,,,,
raw,6,2/4,1,scene_advantage_1e5,339,0.067199,0.074450,0.004044,0.063689,0.017535,0.113026,-0.178162,0.336670,,,,,,,
raw,6,2/4,1,scene_advantage_render,339,0.063250,0.086689,0.004708,0.053182,0.000749,0.122368,-0.149290,0.333641,,,,,,,
raw,6,2/4,1,delta_scene_advantage,339,-0.003949,0.141776,0.007700,-0.008205,-0.099723,0.093371,-0.485960,0.511803,48.082596,51.622419,0.294985,-0.027855,27913.000000,0.617425,0.001
raw,6,2/4,1,similarity_1e5_to_render,339,0.349996,0.146668,0.007966,0.330814,0.226575,0.479868,0.109240,0.674517,,,,,,,
centered,6,2/4,1,similarity_1e5_to_clean,339,0.604454,0.086601,0.004704,0.605707,0.528814,0.677509,0.426603,0.791592,,,,,,,
centered,6,2/4,1,similarity_render_to_clean,339,0.780665,0.046495,0.002525,0.785596,0.748835,0.815633,0.632635,0.875812,,,,,,,
centered,6,2/4,1,delta_render_over_1e5,339,0.176211,0.092457,0.005022,0.168324,0.111148,0.241626,-0.016820,0.444474,98.230088,1.474926,0.294985,1.905862,37.000000,0.000000,0.001
centered,6,2/4,1,different_scene_1e5_to_clean,339,0.537663,0.084497,0.004589,0.532779,0.471508,0.607425,0.363655,0.730084,,,,,,,
centered,6,2/4,1,different_scene_render_to_clean,339,0.714067,0.055627,0.003021,0.719921,0.678324,0.754575,0.530238,0.845849,,,,,,,
centered,6,2/4,1,scene_advantage_1e5,339,0.066791,0.057529,0.003125,0.061787,0.025434,0.107589,-0.092970,0.234674,,,,,,,
centered,6,2/4,1,scene_advantage_render,339,0.066599,0.070031,0.003804,0.058167,0.014509,0.115352,-0.112804,0.281388,,,,,,,
centered,6,2/4,1,delta_scene_advantage,339,-0.000192,0.097239,0.005281,-0.004312,-0.068562,0.061482,-0.278600,0.374358,49.262537,50.147493,0.589971,-0.001979,28628.000000,0.917522,0.001
centered,6,2/4,1,similarity_1e5_to_render,339,0.490702,0.065572,0.003561,0.479384,0.437706,0.545116,0.369970,0.643157,,,,,,,
raw,3,1/4,0,similarity_1e5_to_clean,339,0.640157,0.079445,0.004315,0.634600,0.573982,0.702190,0.473494,0.826250,,,,,,,
raw,3,1/4,0,similarity_render_to_clean,339,0.779081,0.048858,0.002654,0.785155,0.746178,0.816476,0.612969,0.886655,,,,,,,
raw,3,1/4,0,delta_render_over_1e5,339,0.138924,0.080864,0.004392,0.135356,0.087095,0.193012,-0.092245,0.358395,95.280236,4.424779,0.294985,1.717985,397.000000,0.000000,0.001
raw,3,1/4,0,different_scene_1e5_to_clean,339,0.585940,0.083068,0.004512,0.579387,0.523543,0.656223,0.424844,0.785293,,,,,,,
raw,3,1/4,0,different_scene_render_to_clean,339,0.723651,0.055449,0.003012,0.728295,0.683928,0.765942,0.569411,0.857396,,,,,,,
raw,3,1/4,0,scene_advantage_1e5,339,0.054217,0.049683,0.002698,0.052533,0.020231,0.085249,-0.101272,0.236195,,,,,,,
raw,3,1/4,0,scene_advantage_render,339,0.055430,0.068793,0.003736,0.048465,0.006825,0.102522,-0.094718,0.262345,,,,,,,
raw,3,1/4,0,delta_scene_advantage,339,0.001213,0.096636,0.005249,-0.002464,-0.067702,0.072638,-0.322662,0.322637,48.082596,51.327434,0.589971,0.012551,28643.000000,0.924117,0.001
raw,3,1/4,0,similarity_1e5_to_render,339,0.497686,0.083969,0.004561,0.482853,0.429141,0.569277,0.315314,0.716355,,,,,,,
centered,3,1/4,0,similarity_1e5_to_clean,339,0.674925,0.034242,0.001860,0.674092,0.648143,0.702295,0.571050,0.756893,,,,,,,
centered,3,1/4,0,similarity_render_to_clean,339,0.812637,0.034322,0.001864,0.814831,0.789060,0.839182,0.711907,0.889680,,,,,,,
centered,3,1/4,0,delta_render_over_1e5,339,0.137711,0.037612,0.002043,0.138145,0.112418,0.161246,0.030806,0.250653,100.000000,0.000000,0.000000,3.661353,0.000000,0.000000,0.001
centered,3,1/4,0,different_scene_1e5_to_clean,339,0.625702,0.034553,0.001877,0.621108,0.600035,0.650831,0.522803,0.713058,,,,,,,
centered,3,1/4,0,different_scene_render_to_clean,339,0.761733,0.043509,0.002363,0.764840,0.728374,0.794163,0.646614,0.861306,,,,,,,
centered,3,1/4,0,scene_advantage_1e5,339,0.049223,0.033760,0.001834,0.044234,0.024643,0.067795,-0.017129,0.208978,,,,,,,
centered,3,1/4,0,scene_advantage_render,339,0.050903,0.050564,0.002746,0.045164,0.010850,0.083852,-0.058105,0.193994,,,,,,,
centered,3,1/4,0,delta_scene_advantage,339,0.001680,0.043539,0.002365,0.001213,-0.027733,0.031092,-0.105158,0.141711,50.442478,47.787611,1.769912,0.038589,27972.500000,0.640819,0.001
centered,3,1/4,0,similarity_1e5_to_render,339,0.584738,0.021525,0.001169,0.585084,0.571750,0.600222,0.498795,0.632898,,,,,,,
