filename,mask_frac,psnr_full,psnr_mask,ssim_full,ssim_mask
0002.png,0.530242919921875,30.732884209751,27.98948728631434,0.8577545781669447,0.7453573520637358
0007.png,0.4364776611328125,30.147229563945814,26.55845421769724,0.89360364928518,0.7751537459751526
0026.png,0.337005615234375,34.246932109685424,29.53709553928832,0.9576140047510792,0.8848974419419643
0041.png,0.2665863037109375,33.72083362788914,27.98913453167841,0.9577659755640834,0.8518967620133887
0042.png,0.43328857421875,33.342849143526685,29.795126313528687,0.9441256666581158,0.8879848987664947
0045.png,0.3016204833984375,37.403372947898475,32.20326093419631,0.9746715557379425,0.9216590155512974
0055.png,0.4647064208984375,32.87053608701374,29.555316579970157,0.9493251857081539,0.9021706764517379
0061.png,0.359344482421875,35.06675992852033,30.665688624526062,0.9536419841913777,0.8860665385160017
0068.png,0.6452789306640625,32.86332143032676,30.96836168235999,0.9458387042627812,0.9231334919231708
0070.png,0.3845672607421875,31.90447789545587,27.75668971643492,0.9397941339278817,0.8529946419229668
0117.png,0.3602752685546875,35.44474753385554,31.01513183753703,0.9658196719549179,0.9130467701378099
0123.png,0.33984375,33.96177756476274,29.274830980045543,0.9600543213659879,0.8901451116535914
0144.png,0.389678955078125,32.20964856482099,28.1644162851071,0.9201137146850694,0.821424226361445
0146.png,0.3463287353515625,32.49406189977135,27.898779559065932,0.9424254305374462,0.8494814435887291
0152.png,0.6053466796875,27.969899295680772,25.809697184122523,0.88743745563644,0.8294194461083583
0163.png,0.59576416015625,26.42680656571941,24.297664050220217,0.8101987957710615,0.7298675337859857
0165.png,0.3409271240234375,33.5185815906327,28.846243328793413,0.9535142856347373,0.866851432122453
0174.png,0.427947998046875,33.06102357500025,29.375103613262098,0.9612637428484211,0.9151539194288643
0177.png,0.36651611328125,34.34121260640807,29.983787249100068,0.9635698410241444,0.9081399857398478
0195.png,0.3775482177734375,35.5490159545883,31.321268319693697,0.9594382514541467,0.9002047203894775
0203.png,0.3918609619140625,33.26975814156497,29.215022783808458,0.9411030983188303,0.8665299830572292
0207.png,0.2702178955078125,34.17159397523548,28.518648981330305,0.9566438480896422,0.861054315509812
0215.png,0.422637939453125,35.27486938642838,31.592651975534217,0.9577501926970825,0.9138341772665283
0229.png,0.3277130126953125,35.93249433388443,31.11228067735096,0.9719761277529992,0.9251725195866071
0335.png,0.5655059814453125,32.39187870048057,29.92403439741345,0.9443850596190119,0.9099954100863646
0342.png,0.4365692138671875,32.98594373179896,29.42327784854708,0.9353050172209003,0.8728081443145395
0384.png,0.2548065185546875,30.594975622195637,24.660885800345586,0.9274358257668469,0.7306523200835763
0396.png,0.3769989013671875,33.91933322484295,29.68388909812328,0.9662112389593293,0.9162963861114141
0413.png,0.465576171875,34.75126064081428,31.43301943005152,0.9620496306408265,0.921760491982302
0438.png,0.3482666015625,35.42511551087286,30.849126599347684,0.9680317051322973,0.9130833354527368
0465.png,0.294281005859375,34.031705170016856,28.729949682859925,0.9692332416821502,0.9075145978763949
0478.png,0.446746826171875,33.185724693984774,29.68890235664501,0.9571064797247182,0.9113656187760073
0501.png,0.2098236083984375,34.76048720686401,28.050777484009103,0.9600144175264543,0.8453801002478356
0533.png,0.58087158203125,32.70697700890646,30.410366625815474,0.9431653355327829,0.9150012085372162
0579.png,0.4391632080078125,30.853358316942014,27.288677705129196,0.9382581161535865,0.8740511293725742
0588.png,0.1890869140625,39.39887633278464,32.16556854878894,0.9876818268633444,0.9391404430336727
0614.png,0.506988525390625,31.223990756835434,28.277727474702502,0.9039639204234161,0.8221825470195618
0616.png,0.383697509765625,29.641647236564932,25.65349816650383,0.9155568016604142,0.7986547860508433
0622.png,0.370361328125,32.73196436572121,28.427045727621078,0.9368464832575154,0.8423782363611284
0634.png,0.3220672607421875,34.127098835708374,29.231502306303806,0.9499704886673787,0.8588620288057234
0636.png,0.8029327392578125,30.41950886299476,29.477173559066955,0.9056053775523056,0.8909689379836059
0639.png,0.4283447265625,34.07896359386997,30.42526704716577,0.9478077949673015,0.8916430125713167
0663.png,0.3865509033203125,35.41736328721746,31.289636682367114,0.9703406032265499,0.928385495890031
0675.png,0.1772308349609375,36.644213832326535,29.202926122181985,0.9678966831942841,0.8519942323429762
0692.png,0.5009918212890625,33.25582252810144,30.257106771637265,0.9342233752402055,0.8794864032599903
0736.png,0.2940673828125,33.0812316075432,27.78099060813986,0.9410524675935954,0.8155335999613647
0744.png,0.3189239501953125,34.144001627057435,29.189599775627457,0.9648763344864673,0.9008988586310456
0786.png,0.604766845703125,31.545184053883535,29.361085665395255,0.917395912967278,0.8674952910051389
0799.png,0.4739837646484375,34.16039289998511,30.925117751781663,0.9407250593154936,0.8848701022114227
0825.png,0.3722686767578125,35.62948713163308,31.38279978456518,0.976517148008955,0.9471855400929372
0836.png,0.6440277099609375,30.779485016555302,28.923322060870163,0.9155262597260038,0.8796971274979908
0861.png,0.3699951171875,30.261161155253475,25.943801335108887,0.9273912560436056,0.8137885219143222
0871.png,0.4162750244140625,28.033578495468177,24.375411468610622,0.8592111772979049,0.7039015210488214
0891.png,0.429290771484375,35.23197987953738,31.593587119452007,0.9416686312179433,0.8776718607347079
0958.png,0.30194091796875,35.77022947799088,30.571695730554794,0.9630302117386951,0.885237104308701
1041.png,0.5019073486328125,33.062516127249744,30.080640455608794,0.9499729156964482,0.9105703300180408
1088.png,0.5359344482421875,33.25162428996586,30.575286091697844,0.9318015758592879,0.8866253120643947
1091.png,0.2399139404296875,35.33908664324962,29.144347283121483,0.969612049512109,0.8808137802630589
1139.png,0.415740966796875,33.94127100046805,30.13806401148049,0.9661797058517455,0.927321447037864
1165.png,0.4216156005859375,35.67650530946676,31.939695492119313,0.9601426640221006,0.9156790318015249
1167.png,0.440948486328125,32.96964399045807,29.413762149774414,0.9449157530176788,0.881118709355604
1187.png,0.4103240966796875,33.25839443876468,29.397783357242346,0.9392261626709807,0.8646021891404873
1201.png,0.3141021728515625,31.23796984535052,26.217755921154314,0.9541664826502476,0.8713588237445632
1202.png,0.2968292236328125,30.933775765123116,25.665664709862966,0.9273345583558904,0.7762309310512762
1212.png,0.430816650390625,32.73972953668196,29.128444330768385,0.9564235430183686,0.9110392956770174
1215.png,0.25848388671875,32.915170220898084,27.040677694768217,0.9454062387435771,0.8019152531884929
1217.png,0.7191314697265625,33.29184420882833,31.884065950128683,0.9306800855971773,0.9090709444053956
1246.png,0.3675079345703125,33.30149295580457,28.97941752330378,0.9302716445209422,0.8247514205808624
1250.png,0.263275146484375,32.04387896518786,26.315508677744532,0.9297249604369725,0.7707023495286267
1277.png,0.5215911865234375,28.961187845472747,26.138236300785216,0.8821803019906171,0.7811736897953712
1312.png,0.4019775390625,34.59785878728404,30.63999942340795,0.9720251230094812,0.9344627029915231
1334.png,0.53253173828125,34.751122093884575,32.016400000696926,0.9676350507556902,0.9429838296082702
1368.png,0.1739959716796875,40.37030875470445,32.85275060527532,0.9812514069540199,0.9097913333570005
1369.png,0.458404541015625,35.210664632548266,31.82320636740807,0.9612812696465618,0.9222315622073666
1374.png,0.4840087890625,32.99223468507482,29.84916092564164,0.9560671995975552,0.9110655474808059
1387.png,0.2877960205078125,34.63549336897263,29.27175436584545,0.954047613923032,0.8586043191371863
1395.png,0.5101165771484375,33.8944244815406,30.9831771082148,0.942637732460666,0.8983518698504491
1448.png,0.397613525390625,35.360945246019085,31.359690000291035,0.9556049100650663,0.8959422345053701
1457.png,0.5075836181640625,30.957292304536452,28.03831459123298,0.9254749342666231,0.8632712822775774
1466.png,0.200531005859375,36.70002331057167,29.72290272861608,0.9718144864905421,0.8691185127497845
1484.png,0.330902099609375,32.51811181153624,27.716049586329426,0.9404836194287237,0.8326643880442036
1500.png,0.436614990234375,33.31337050176667,29.718707725217023,0.9558158848183386,0.9092155575837785
1516.png,0.598175048828125,33.39538451487449,31.180142260897842,0.941213603024488,0.9080543014685524
1522.png,0.450531005859375,35.02791436058749,31.576698395435603,0.9575936755424095,0.9123375733430173
1536.png,0.447235107421875,28.380453579086943,24.90339002313999,0.8988251994385308,0.7933552431860957
1540.png,0.388336181640625,35.38635427981676,31.27844562395034,0.9697628637611693,0.925422594495312
1548.png,0.319732666015625,34.322402156933826,29.372181849239098,0.9656660804566872,0.8982045531616732
1553.png,0.3673553466796875,31.894155625402334,27.554348336573252,0.9283681285559306,0.819703349280366
1579.png,0.35333251953125,36.78456328081752,32.26662039055432,0.9724917374578173,0.9270701882536923
1598.png,0.663665771484375,30.82749356247566,29.053126951092754,0.9287767280150403,0.9007938740649193
1619.png,0.3141326904296875,35.66399665221742,30.689970792046584,0.9650367318181997,0.9009228797153793
1659.png,0.269775390625,35.486701955947694,29.806325491738505,0.9655326598998981,0.882013913177043
1737.png,0.169525146484375,36.61674651103682,28.94432125235783,0.9658729143245948,0.8225309815898485
1739.png,0.239593505859375,35.94735977030859,29.800190121924125,0.9653979032817918,0.8690090125874667
1740.png,0.432464599609375,34.11028377708392,30.477022021446718,0.949702463148077,0.8928343881945918
1776.png,0.407501220703125,33.387301474359205,29.49493117849493,0.9419997485080714,0.8693126335811562
1783.png,0.3883514404296875,34.97491756936593,31.064726707859055,0.9654204454331241,0.9237072222461434
1787.png,0.37310791015625,31.685285400655054,27.408906602620103,0.9301380673112152,0.8255492846387769
1789.png,0.3073577880859375,32.87686452094961,27.779835304593004,0.9426809314996575,0.8399470938024186
1801.png,0.67681884765625,34.2337088099015,32.5412173670445,0.9310458879477976,0.9039194730952397
1824.png,0.304656982421875,40.610445293754516,35.44988322791259,0.9867135488126604,0.9590643117898245
1831.png,0.45013427734375,35.73749061472713,32.28876779392348,0.9673559268266003,0.9311776367183213
1845.png,0.5599365234375,32.213773362502955,29.70634798973974,0.9471479144902728,0.9207053338462191
1850.png,0.30645751953125,35.672834779116904,30.55197551278799,0.9668610783077055,0.9027892116992412
1857.png,0.2498931884765625,34.881325731457345,28.872547087856194,0.9577208341524747,0.8514316062779751
1860.png,0.3436279296875,33.077131948730965,28.444286719220525,0.9418387815079369,0.8429363884617309
1861.png,0.5901031494140625,29.5529829204864,27.274090321188208,0.8472036066874964,0.7579035523269868
1904.png,0.3682098388671875,34.25203016622945,29.948488526570934,0.95134052942342,0.8851134477123155
1943.png,0.464630126953125,33.947201661484094,30.64333755216112,0.9453847491004729,0.8977148533157759
2019.png,0.40325927734375,35.775615497759084,31.832961725642885,0.9738290626367689,0.9406322322635751
2025.png,0.372894287109375,34.96721914435271,30.738458740651087,0.9562018106566814,0.906049681560115
2051.png,0.331146240234375,35.732531830710954,30.969249495359755,0.9578495145716547,0.8807570471381556
2056.png,0.5640411376953125,33.01729018995668,30.532496498908724,0.9430162356722349,0.9065591246892287
2063.png,0.1472015380859375,37.49639635456019,29.207662100308735,0.97048942401219,0.8247478837835021
2083.png,0.1697235107421875,35.35488104956346,27.66947165235909,0.9695951808856201,0.8412921599442663
2107.png,0.4956817626953125,32.24915927482808,29.202144028514184,0.941969798692036,0.8912380060167527
2193.png,0.4483489990234375,32.52771398645973,29.108059640311726,0.9437937825490276,0.8993369473874636
2209.png,0.3144989013671875,35.688417524166205,30.68228235528869,0.9684982982986853,0.9076322335965376
2217.png,0.2978363037109375,37.044474093421144,31.78819469752813,0.975769171269522,0.9252218754259125
2247.png,0.3865966796875,29.521537951648085,25.395569253765068,0.922809865565271,0.8101499939747163
2263.png,0.6607818603515625,29.99431199666904,28.20377216904991,0.8825929350504986,0.8316664364598675
2275.png,0.377685546875,34.144376114643805,29.91783469164018,0.9594452817698264,0.8999656656994858
2297.png,0.2694244384765625,35.240448694941314,29.552987214505364,0.9613475808496587,0.8673077325946266
2331.png,0.7614593505859375,32.39530919805121,31.214159837985193,0.9294054076825136,0.9146023304885521
2333.png,0.1921844482421875,35.77627101261113,28.624524424547538,0.9589108003387516,0.8077681475226324
2364.png,0.239776611328125,34.79336381626168,28.600655388947224,0.9630968955762427,0.86257129265052
2389.png,0.368133544921875,33.32846221691432,29.04826706800858,0.943893503917033,0.867527279975788
2420.png,0.518524169921875,28.033426186907477,25.214122428121076,0.8582323213860598,0.7471351660687996
2455.png,0.3797454833984375,33.68100030046336,29.480401323850856,0.9691739097983292,0.9261420525111091
2469.png,0.251373291015625,34.90288283519432,28.960232369783974,0.9533956593891381,0.8318518693093523
2485.png,0.1392669677734375,37.522568074496576,29.066430937343384,0.9763348997646796,0.8477703604633552
2523.png,0.1872406005859375,34.73123845777633,27.47933805611312,0.9527534325172077,0.7727144024545642
2533.png,0.364959716796875,35.14458093088953,30.797445257279215,0.9609109763819909,0.9035822655157566
2535.png,0.52984619140625,31.68114167967877,28.931701503395324,0.9474554948276485,0.9100258924986203
2544.png,0.24285888671875,35.7348854078675,29.706834639481844,0.9601813652620218,0.8608703937665287
2559.png,0.2847442626953125,33.18445385226823,27.747999289794535,0.9505427052813912,0.8363615331884986
2568.png,0.309234619140625,35.8148227794905,30.7206239832048,0.9668070766921448,0.9003461767396481
2579.png,0.7593841552734375,29.666453231720908,28.471306014638188,0.9115645654475848,0.8870383465740197
2587.png,0.4799041748046875,33.99627324537133,30.813220260659087,0.9500502338530837,0.9033167470990984
2594.png,0.24310302734375,37.78665275871199,31.671190462405804,0.9668221295956388,0.8792636531434214
2625.png,0.49249267578125,34.02573445363779,30.95819596326286,0.9445275189764475,0.8957596064405131
2626.png,0.29931640625,38.38491222795531,33.19832285434413,0.9747922477124072,0.9277430961089667
2638.png,0.3350677490234375,34.69329611685349,29.964775811966867,0.9579268401801923,0.8861752970502204
2668.png,0.3938140869140625,33.69520312512498,29.649213107502383,0.947876883578243,0.8761468823602883
2679.png,0.3638153076171875,36.40665145951614,32.01769583780895,0.9773951944939578,0.941914560588452
2703.png,0.4381561279296875,33.779639428749114,30.208620146588352,0.9633686531343039,0.9257876539074666
2717.png,0.3856201171875,32.46772297200536,28.391470374825836,0.9443879304062146,0.8773266555712974
2730.png,0.4589996337890625,31.210347583903015,27.834541339897658,0.9439574867525727,0.8876677955846066
2737.png,0.607574462890625,34.7180521761641,32.626198477196596,0.9352559221747532,0.9074257564635259
2751.png,0.3971405029296875,32.77536269492428,28.78511727737488,0.9520563227249066,0.8920931303362711
2801.png,0.3048553466796875,37.7768829731776,32.62867425544839,0.9676288588672085,0.9035599954506597
2852.png,0.440185546875,34.377001287749046,30.931004081335658,0.9584471214723858,0.9165274755635457
2872.png,0.4658355712890625,34.239398228786804,30.930592318080933,0.9535812356191856,0.9067935716878488
2878.png,0.445404052734375,32.33682357766823,28.82501836523181,0.9593304148382098,0.9136833820588157
2894.png,0.4500579833984375,34.22462414564453,30.76623910886994,0.9505030432415825,0.8932905031170695
2904.png,0.5252685546875,32.38012834966427,29.606960842177614,0.9234310640926707,0.8678335422190953
2922.png,0.619049072265625,34.26406696676402,32.185870298736155,0.9563144235135518,0.9348884762946464
2923.png,0.2901153564453125,35.42147627550099,30.106264724942626,0.9736724761422737,0.9253675985531749
3052.png,0.5720977783203125,29.290534263745528,26.872543339219565,0.9181148786469973,0.8627850562228875
3074.png,0.4007720947265625,32.64463852999503,28.679026737314057,0.9596522281676635,0.9086336784192302
3092.png,0.2895660400390625,37.17339560121141,31.80643809702601,0.9720385365555572,0.9173178700710967
3133.png,0.311004638671875,35.82766432985921,30.771140993094065,0.9681197806079102,0.908878361776526
3140.png,0.4084930419921875,29.885707064793042,26.025497363913598,0.9075532322727561,0.7986627029293525
3185.png,0.3565826416015625,34.40671852566561,29.93221339042798,0.9686369425343931,0.9185073145606646
3225.png,0.422088623046875,32.85727553367195,29.11775687388711,0.9371830970072723,0.861373129249221
3293.png,0.310302734375,34.24097967457139,29.40918209363085,0.9612300930191354,0.9029416065657551
3306.png,0.5059967041015625,31.38627238564316,28.445964398686808,0.9032248707230024,0.8154615685949146
3307.png,0.4552459716796875,35.269783139326215,31.8867988681294,0.9643199761453866,0.928923874775509
3316.png,0.403289794921875,36.55495848991087,32.61218700249295,0.9699884043155075,0.9301705184551843
3323.png,0.343963623046875,32.833591655231814,28.198856796299058,0.9632986704314738,0.8992052887767061
3337.png,0.3695831298828125,36.59299751268627,32.30118814551791,0.9655230437771314,0.9199725957050675
3372.png,0.1849517822265625,36.66875915970229,29.34089875380298,0.9740855574334073,0.8709225049161997
3421.png,0.2295379638671875,37.3978675187141,31.237828377319843,0.9645759303838771,0.8639553972144975
3427.png,0.7876739501953125,32.15646433338786,31.148901617041854,0.9271922639447221,0.9119842145772421
3429.png,0.3238067626953125,34.107525374800844,29.301192096735726,0.9490761809984639,0.871853313339553
3520.png,0.40789794921875,32.966735753531395,29.073214497192595,0.9579186554457587,0.9016704298211917
3533.png,0.4715423583984375,30.09602262685185,26.83769999680676,0.9117627718411819,0.8203184995912267
3536.png,0.3111114501953125,33.17535407628941,28.134564485489722,0.9376902920617219,0.8240233783529709
3541.png,0.316131591796875,33.65791439785999,28.656696462134633,0.9657920543486272,0.8979173720421199
3544.png,0.39306640625,34.33338452192312,30.27829504770797,0.9615750690221649,0.9077815219969958
3546.png,0.3292694091796875,36.111034269585254,31.29076928805069,0.966771880321972,0.9059664093381482
3548.png,0.27252197265625,31.91427145256626,26.415800498081534,0.9244833293371766,0.7984633927119573
3583.png,0.51605224609375,30.686395330177053,27.813419133406775,0.9123827033868562,0.8387006951866336
3601.png,0.6072845458984375,32.907971511565,30.770115050318964,0.9313853192569105,0.895335746318861
3608.png,0.41302490234375,33.077612375345694,29.241857044760827,0.9456230601627771,0.879105525714225
3611.png,0.329803466796875,32.86955177266836,28.062282272008474,0.9511393522019852,0.8617503930886526
3640.png,0.3461151123046875,34.26628058444728,29.660042496797423,0.9613780744346457,0.895409523648231
3665.png,0.5777587890625,29.148132043181395,26.786373056748673,0.8737368711519325,0.7985941526060545
3670.png,0.45587158203125,32.19356080217861,28.78346916563126,0.9545165597299866,0.9041287336260339
3721.png,0.34051513671875,32.23564048932567,27.615456194124302,0.9399990295684363,0.8430032841643895
3741.png,0.395721435546875,34.17512486816646,30.15372519641509,0.9543422940257684,0.893772823434073
3752.png,0.465576171875,36.05831672400528,32.75347749149694,0.9621758175814147,0.9262514472382735
3776.png,0.3776092529296875,36.19408387259829,31.964811814171938,0.9721642179558788,0.9284844533791814
3796.png,0.31256103515625,29.416780632227074,24.566820400580184,0.9024875190040962,0.7449723984353808
3808.png,0.3456268310546875,33.9612833625995,29.36038684789557,0.9597753763961306,0.8922654796246756
3839.png,0.4103851318359375,33.08403751857174,29.218674993516593,0.9476753536691428,0.8823811813907455
3884.png,0.3997650146484375,35.46591370436615,31.485488784168297,0.9620719706600152,0.9109081430648841
3917.png,0.5660858154296875,30.050787955880132,27.581648911053193,0.909704184909265,0.8492180253373174
3934.png,0.4903717041015625,29.97911815956524,26.88655741655001,0.9334935505169865,0.8721865599729876
3960.png,0.3674774169921875,36.00199822111408,31.65453883892716,0.9631423676410238,0.9055295143222304
4020.png,0.4120941162109375,28.61518519870009,24.77040127128769,0.8792371288048431,0.7184839581319699
4032.png,0.424896240234375,35.662988272431775,31.95606893862392,0.965414734213371,0.9206225773477169
4042.png,0.2021484375,37.703564268868504,30.761527268070186,0.9734232885568398,0.8770554380602184
4103.png,0.335845947265625,32.89010677642994,28.15317915448349,0.9416180670068163,0.836131700359483
4106.png,0.47857666015625,31.9348194071027,28.880811994159913,0.9404256796191743,0.8917655500797975
4127.png,0.3838958740234375,36.48650568015206,32.332702072439915,0.967287881665486,0.9225690207341266
4183.png,0.3878936767578125,31.952114286406438,27.84092429709562,0.9379719447803061,0.8469691402583408
4192.png,0.456024169921875,31.14225831311364,27.908680874495797,0.8842757133317795,0.7988817032219006
4196.png,0.432159423828125,34.76745903413392,31.213384076777952,0.9556402904751816,0.9085673773975073
4209.png,0.4466705322265625,30.91859360556193,27.42302447923851,0.9206507536672768,0.8367849953490623
4213.png,0.360107421875,34.711385011632984,30.45297257640035,0.9640835878692,0.9169465552485846
4214.png,0.586334228515625,32.6269096794899,30.413150450944585,0.9283556103431285,0.8918446168852128
4229.png,0.3701324462890625,31.272050015752015,26.978439954098334,0.9190894824640827,0.8028343757042175
4236.png,0.424102783203125,33.101518250491324,29.386093301904847,0.9666882343126344,0.9288604535863471
4238.png,0.377105712890625,33.21732245658031,28.98399099790499,0.9454443914290945,0.8611389861744305
4331.png,0.3532867431640625,33.68091338234872,29.162659649714342,0.9722351357650447,0.9258640736390763
4360.png,0.3899688720703125,36.69797991389729,32.64614757786078,0.9528853679550657,0.8937063187411878
4381.png,0.262939453125,36.92527044854011,31.12488639085793,0.9707424617881573,0.8972560710551423
4485.png,0.2693023681640625,33.54304414426872,27.902936552657565,0.9558824622268384,0.8819073547419372
4495.png,0.4086151123046875,34.680640429946166,30.798818272661634,0.9779504196457157,0.9519005561210645
4499.png,0.4221343994140625,26.995585387189212,23.254372099390093,0.8807498418355681,0.7301772326689947
4514.png,0.4683990478515625,33.54694030693998,30.261126436783712,0.9327667345985894,0.8671087540370116
4521.png,0.3734893798828125,31.7739042839794,27.534519399575828,0.9491919712383762,0.8856874481616207
4552.png,0.344329833984375,36.109482302965155,31.48673155197397,0.9758935533600603,0.9355319151554614
4569.png,0.3573760986328125,36.20420977518527,31.758602099982557,0.9580651581328327,0.8937739722638322
4574.png,0.1829071044921875,35.982340030889326,28.60875091841615,0.9700900848232337,0.851977015176796
4603.png,0.34954833984375,34.2142179045213,29.65467236439991,0.9586283055526016,0.8899814686933949
4605.png,0.283843994140625,35.78706794679468,30.3348822803815,0.974993083174213,0.9219270981973725
4606.png,0.2131500244140625,35.03854745207458,28.33964109732785,0.9653084562986893,0.8543512939849096
4630.png,0.3060760498046875,36.018538678832904,31.126819226757544,0.9576583473625634,0.8868020053908963
4643.png,0.36181640625,32.23592202960728,27.827115601550723,0.9571129692317621,0.8885587490114201
4651.png,0.418670654296875,28.529220043756425,25.147949777091398,0.8581129532709939,0.7488548288903468
4699.png,0.2872772216796875,34.1878255823402,28.785928262982928,0.9472738658851156,0.8319407544723866
4712.png,0.2518310546875,29.95954730938211,24.535381556885177,0.9064948662949771,0.7293550246561974
4734.png,0.2843017578125,30.851266368220543,25.38988120010302,0.9300483772039635,0.7680479083402639
4744.png,0.4114837646484375,33.97302945661971,30.124834977630357,0.9705261242344744,0.9351869559828376
4760.png,0.2948455810546875,32.69506736795657,27.44452534681806,0.9454207738316001,0.8491989900044264
4799.png,0.5035858154296875,32.35511239450692,29.41362252150296,0.9264090629657551,0.8689104274733196
4801.png,0.41705322265625,34.822421576964736,31.026184571744366,0.9589109872965523,0.9073222853780168
4808.png,0.3493194580078125,34.05219361825485,29.48573678398727,0.9620159047605146,0.8977259301392105
4839.png,0.36651611328125,33.21480805784933,28.857400428373463,0.9448780443557876,0.8590973120599427
4850.png,0.2863006591796875,36.99653198820022,31.564975857192564,0.963917864104613,0.8762046313181006
4860.png,0.380767822265625,31.984451903648452,27.791182301685172,0.9293470280281888,0.8226279276344206
4879.png,0.4953765869140625,35.209814124629425,32.16771831909288,0.9559032284545377,0.9187856160586028
4943.png,0.4451141357421875,34.65903818303724,31.15021150641425,0.9621422686363209,0.923251428607333
4952.png,0.4491424560546875,33.72735207296547,30.251624127587803,0.95593000779808,0.9035999094724725
4972.png,0.59765625,34.4587504073578,32.287315282380426,0.950351022695128,0.9271894780707343
4979.png,0.4423675537109375,32.11207718822864,28.623333553319053,0.9174967886371119,0.8318532536615028
4985.png,0.61590576171875,35.48856580309731,33.389956803829946,0.9520287457186954,0.9271513744637695
5001.png,0.43817138671875,31.239570055358644,27.678506131296857,0.9006653008903672,0.7942487662229445
5013.png,0.3271636962890625,35.079594439128854,30.252298032423074,0.968133928706484,0.9145916138432367
5018.png,0.391082763671875,35.4115404719003,31.346061926155713,0.9664567732543147,0.9216568196411988
5042.png,0.3556365966796875,35.15383872538094,30.663923540539088,0.9659300401277905,0.9087232676047866
5103.png,0.3094329833984375,33.942067822250294,28.86483402960291,0.9597061209498757,0.8835627483120801
5113.png,0.330474853515625,31.52423957066524,26.719046388635775,0.9479912791665739,0.854487658509769
5119.png,0.515411376953125,31.696232489660385,28.82329280891234,0.9323457630059743,0.8733876649337441
5131.png,0.43218994140625,33.80793711660995,30.16477167387055,0.9553516967360042,0.9029920129904245
5144.png,0.3467254638671875,35.378951789236396,30.779911359067988,0.9718851109046951,0.9238984251446839
5152.png,0.346343994140625,32.568542939153026,28.007435488228673,0.9506539206579541,0.8741351652606592
5181.png,0.24346923828125,36.928839905384855,30.821290995415364,0.9745133392665734,0.9068499421276967
5203.png,0.4403228759765625,34.36726218949839,30.93150337319883,0.9507071773639786,0.9071847151807556
5247.png,0.2296142578125,39.80879333472099,33.4409157785848,0.9830021114527899,0.9342758478011108
5293.png,0.315826416015625,34.48202155936026,29.49902972560502,0.9720155479857252,0.9255801990904879
5313.png,0.486663818359375,34.4821684939346,31.363271211015977,0.9479821873922073,0.8986368862704154
5345.png,0.428192138671875,32.12535540919134,28.44570115895435,0.9417398802087136,0.8745183394398769
5396.png,0.4423980712890625,34.397390353393156,30.878809870924012,0.9600126186994913,0.9156030213416764
5402.png,0.23614501953125,35.4845268088564,29.232280130675306,0.9716429651988427,0.8906099866027352
5412.png,0.3195037841796875,32.46691001297527,27.538185939757657,0.9416812781574311,0.8350544556461996
5468.png,0.5021820068359375,31.349042081163525,28.360277793475596,0.9291999439825759,0.868538056261067
5501.png,0.4618682861328125,29.235397111376958,25.88422207236225,0.9028240244585749,0.7963332915386274
5504.png,0.23388671875,37.45549318255728,31.147931868555144,0.9765829899492163,0.9066888983718664
5526.png,0.3256072998046875,30.43925916892708,25.68869024884055,0.905811779874558,0.7432117642365761
5527.png,0.5219879150390625,30.882475819450256,28.0616935956056,0.9431820124632452,0.9005906085709324
5614.png,0.34942626953125,27.901279381234218,23.38357053328149,0.863416486425628,0.6739134669746129
5635.png,0.436737060546875,31.429902622004008,27.832463522865105,0.9391347957174159,0.868504971574383
5669.png,0.4162750244140625,32.9421333894443,29.351602814969322,0.9348457193654393,0.8659223612059357
5716.png,0.411376953125,34.7806972057284,30.93586927957992,0.9571621699935132,0.9082779328238327
5717.png,0.22216796875,36.50250323565845,29.976464135878544,0.9717728711493474,0.8856488641696045
5723.png,0.4202423095703125,34.47932572087458,30.71628862516643,0.9682610759558953,0.9293406739363059
5755.png,0.5323638916015625,33.42380925580358,30.69308701787339,0.945921421679691,0.9067553646476134
5756.png,0.3924102783203125,32.15791605909132,28.09932373075121,0.9496656938542031,0.8736442628791744
5759.png,0.24835205078125,34.936304965618945,28.892694292450606,0.9632762862395524,0.8646090452755453
5785.png,0.2916259765625,34.08739113851031,28.753170889668308,0.9713731009155132,0.9139362830827019
5891.png,0.3530731201171875,32.514966620880195,28.005658290429643,0.9586549045847473,0.891332168459828
5900.png,0.6316375732421875,30.662450272231474,28.674908142669597,0.9304084149131363,0.8948118536893778
5904.png,0.367462158203125,30.83422286800435,27.123942654896958,0.9313286594303742,0.8389348463049947
5913.png,0.3172454833984375,34.90054755439854,29.92096616582499,0.9696586644782361,0.9124146889046827
5915.png,0.5640106201171875,32.26775814771852,29.875727619955114,0.9154032802298688,0.8740180893655047
5948.png,0.4496917724609375,33.204663685895994,29.752779571059655,0.9502617914021234,0.8996606495372541
5952.png,0.327117919921875,31.461062838333223,26.621469444884166,0.9277910479573974,0.7913161636096705
5957.png,0.46826171875,31.887425884337745,28.597258993143676,0.9263565011758614,0.8517551843340533
5963.png,0.3436279296875,29.69098386686662,25.052426747130912,0.9312836902196434,0.8099611366828355
5972.png,0.290863037109375,34.44718306154009,29.097386650021754,0.9360297354276282,0.7988406523311261
5986.png,0.3607025146484375,32.73883926063192,28.33309296970825,0.9565203070650267,0.897302179159778
6018.png,0.3122100830078125,37.339954355385814,32.28475608871805,0.9790123512428258,0.9380365266642927
6048.png,0.3219451904296875,35.37763061639016,30.45831988932826,0.9577962342523471,0.8774850868647437
6051.png,0.3065948486328125,33.73131459953336,28.598208023662433,0.9670129785608164,0.8989854473040336
6067.png,0.393829345703125,35.815615729680175,31.76882095058778,0.9727511893439919,0.9349288367219165
6088.png,0.5356292724609375,31.751966294056338,29.08342056751705,0.9237878990599672,0.87322201110642
6101.png,0.545318603515625,32.786480830168784,30.16712955735287,0.9488326236054534,0.9137213244814365
6127.png,0.285858154296875,30.15530976335574,24.7294299688483,0.929808078215576,0.7673941673887985
6136.png,0.323699951171875,33.04801776537931,28.15563811816157,0.9521723294530504,0.864623009611575
6161.png,0.3807525634765625,33.6088199557162,29.415359551776177,0.9594168862671572,0.8978505018439309
6181.png,0.3456878662109375,33.10870381627921,28.49851623584766,0.9409263972352337,0.8435956616113934
6209.png,0.4462432861328125,32.48858000552859,28.99346237236347,0.9556967343051107,0.9146030751271385
6266.png,0.45220947265625,31.826448081439015,28.379869765639363,0.915777173310822,0.8187357865983684
6312.png,0.22662353515625,36.60928389897802,30.330581483791242,0.960190336871799,0.8582383666984531
6342.png,0.474884033203125,28.799358010042035,25.58301036733294,0.8842128447030915,0.7742976137986384
6349.png,0.477630615234375,33.70172141184739,30.4931515509178,0.9437972060156992,0.8888314268988943
6354.png,0.369873046875,30.195453563430462,25.92510454727425,0.926585371047905,0.8213138330995057
6372.png,0.3399658203125,33.19330032238477,28.507712291146262,0.9658804351970774,0.905953544890667
6373.png,0.3003692626953125,35.21746633421371,30.029879475767505,0.9655195703301717,0.9004035455409386
6390.png,0.4168701171875,33.23837606172798,29.43916177836534,0.952030736851955,0.8916432024992357
6397.png,0.4826812744140625,34.5636549194485,31.415399819451828,0.9576527354711744,0.9210067650726581
6399.png,0.6500091552734375,34.03370595255805,32.18176074218915,0.9426994620933866,0.9187425182045946
6438.png,0.3024139404296875,31.738668721894317,26.54585921685655,0.9453541413086288,0.8326620994384568
6442.png,0.5377349853515625,28.748431073804607,26.06943603018362,0.8850492103389879,0.8032720357622004
6449.png,0.3216705322265625,33.88716295252364,28.981341587348133,0.9541341137359085,0.8697804971895471
6471.png,0.4303131103515625,33.98084072287425,30.332798392164058,0.9641351415321013,0.9220714989026946
6472.png,0.549346923828125,32.85290483560861,30.25152687840199,0.9562530289074433,0.9241506158816785
6493.png,0.368743896484375,32.72142410776465,28.38878077068633,0.9555213322750818,0.8856965218159154
6556.png,0.28759765625,35.79797388674062,30.4213666591536,0.9688752320909102,0.9007558902627882
6576.png,0.205596923828125,37.433255207316954,30.565352444826487,0.9812780888049195,0.9170062738025554
6604.png,0.2789459228515625,35.618422705003624,30.120444734811148,0.95905133993919,0.878458335196948
6609.png,0.4593505859375,30.53684667516121,27.26075045109919,0.926553808703139,0.859747405695992
6644.png,0.47698974609375,30.80451468559896,27.59021839626115,0.9244712853294232,0.849237945020909
6650.png,0.632781982421875,31.6588689372746,29.67691800964053,0.9043174849371123,0.8540503382349448
6654.png,0.4953460693359375,30.385950405182403,27.339681108767984,0.9151532064775794,0.8385443600157194
6664.png,0.415802001953125,32.45314451988333,28.702471311076977,0.9297155722059524,0.8607802871637937
6680.png,0.427337646484375,32.81376807069663,29.12763209590465,0.9527022865943817,0.895997236970347
6705.png,0.5035247802734375,28.522806447816595,25.565608785571243,0.865764550814709,0.7581239849607715
6736.png,0.334564208984375,31.56147422066436,26.834659280221196,0.9284970064258146,0.8047375719222641
6741.png,0.30828857421875,33.96521693337729,28.936833052561592,0.9577737860871331,0.890377581935979
6746.png,0.252716064453125,34.031101816650754,28.05831456072841,0.9561643022681257,0.8397599654923679
6754.png,0.3811798095703125,30.98293921535106,26.816278270856003,0.9307014164344717,0.8330928249528036
6766.png,0.3265533447265625,34.91749474008735,30.085984889995636,0.9419699448501573,0.8427409555802456
6768.png,0.351806640625,33.278615646673046,28.75409417764695,0.9587260046020548,0.8979551760998653
6769.png,0.483642578125,27.037796855277094,23.90623861083572,0.8170944893501298,0.6503834746193896
