experiment,label,protocol,split,n,psnr_full,psnr_foreground,ssim_full,ssim_foreground,checkpoint
Holo_E0_fixed128_baseline,Restormer baseline,full256,val,339,22.076653855724484,17.97835518627285,0.7827602165211448,0.5686222102318919,/home/woody/iwnt/iwnt174h/thesis_dino/code/Restormer/experiments/Holo_E0_fixed128_baseline/models/net_g_268000.pth
Holo_E0_fixed128_baseline,Restormer baseline,full256,test,338,21.872517389282464,17.59927297881082,0.7829033581555627,0.5597968323101743,/home/woody/iwnt/iwnt174h/thesis_dino/code/Restormer/experiments/Holo_E0_fixed128_baseline/models/net_g_268000.pth
Holo_E0_fixed128_baseline,Restormer baseline,crop128,val,339,19.815715113863938,17.805539543261034,0.6760549408254435,0.5698804715186394,/home/woody/iwnt/iwnt174h/thesis_dino/code/Restormer/experiments/Holo_E0_fixed128_baseline/models/net_g_268000.pth
Holo_E0_fixed128_baseline,Restormer baseline,crop128,test,338,19.54577146142352,17.5428272477977,0.6705968322764659,0.563591144616701,/home/woody/iwnt/iwnt174h/thesis_dino/code/Restormer/experiments/Holo_E0_fixed128_baseline/models/net_g_268000.pth
Holo_E1_addition_noisy_fixed128_spatial_B6_latent,Addition: noisy radar B6,full256,val,339,21.46881744584675,17.478889091143518,0.7622380230341492,0.5473603091773078,/home/woody/iwnt/iwnt174h/thesis_dino/code/Restormer/experiments/Holo_E1_addition_noisy_fixed128_spatial_B6_latent/models/net_g_128000.pth
Holo_E1_addition_noisy_fixed128_spatial_B6_latent,Addition: noisy radar B6,full256,test,338,21.296009004919632,17.209741620373322,0.7621833763528828,0.5401147513803155,/home/woody/iwnt/iwnt174h/thesis_dino/code/Restormer/experiments/Holo_E1_addition_noisy_fixed128_spatial_B6_latent/models/net_g_128000.pth
Holo_E1_addition_noisy_fixed128_spatial_B6_latent,Addition: noisy radar B6,crop128,val,339,19.441434496122906,17.237032816445872,0.6669261321827202,0.5461331540502103,/home/woody/iwnt/iwnt174h/thesis_dino/code/Restormer/experiments/Holo_E1_addition_noisy_fixed128_spatial_B6_latent/models/net_g_128000.pth
Holo_E1_addition_noisy_fixed128_spatial_B6_latent,Addition: noisy radar B6,crop128,test,338,19.06216938518358,16.98925286872011,0.6561226088833492,0.5379808713208927,/home/woody/iwnt/iwnt174h/thesis_dino/code/Restormer/experiments/Holo_E1_addition_noisy_fixed128_spatial_B6_latent/models/net_g_128000.pth
Holo_E1_addition_render_fixed128_spatial_B6_latent,Addition: render B6,full256,val,339,24.120049007255165,19.89251863783237,0.8177882311799907,0.6472698786399451,/home/woody/iwnt/iwnt174h/thesis_dino/code/Restormer/experiments/Holo_E1_addition_render_fixed128_spatial_B6_latent/models/net_g_204000.pth
Holo_E1_addition_render_fixed128_spatial_B6_latent,Addition: render B6,full256,test,338,24.080975931106305,19.67299314014507,0.8220247828262581,0.6433461876599883,/home/woody/iwnt/iwnt174h/thesis_dino/code/Restormer/experiments/Holo_E1_addition_render_fixed128_spatial_B6_latent/models/net_g_204000.pth
Holo_E1_addition_render_fixed128_spatial_B6_latent,Addition: render B6,crop128,val,339,22.187109682305262,20.161451885479526,0.7372809090444404,0.6600748129218559,/home/woody/iwnt/iwnt174h/thesis_dino/code/Restormer/experiments/Holo_E1_addition_render_fixed128_spatial_B6_latent/models/net_g_204000.pth
Holo_E1_addition_render_fixed128_spatial_B6_latent,Addition: render B6,crop128,test,338,22.25886493312279,20.229058917227132,0.7416061443872969,0.6647658172698435,/home/woody/iwnt/iwnt174h/thesis_dino/code/Restormer/experiments/Holo_E1_addition_render_fixed128_spatial_B6_latent/models/net_g_204000.pth
Holo_global_addition_render_fixed128_B6_latent,Global pooled render B6,full256,val,339,20.584833446077344,17.07737626910257,0.7341429833397806,0.5425059380851212,/home/woody/iwnt/iwnt174h/thesis_dino/code/Restormer/experiments/Holo_global_addition_render_fixed128_B6_latent/models/net_g_60000.pth
Holo_global_addition_render_fixed128_B6_latent,Global pooled render B6,full256,test,338,20.58883351083184,16.946968249318015,0.7327092778607079,0.5376086618615735,/home/woody/iwnt/iwnt174h/thesis_dino/code/Restormer/experiments/Holo_global_addition_render_fixed128_B6_latent/models/net_g_60000.pth
Holo_global_addition_render_fixed128_B6_latent,Global pooled render B6,crop128,val,339,19.39978769852168,17.19873912072339,0.6616186179122326,0.5424648072079292,/home/woody/iwnt/iwnt174h/thesis_dino/code/Restormer/experiments/Holo_global_addition_render_fixed128_B6_latent/models/net_g_60000.pth
Holo_global_addition_render_fixed128_B6_latent,Global pooled render B6,crop128,test,338,19.352254543217857,17.14211688077111,0.6609172844272895,0.539559423745162,/home/woody/iwnt/iwnt174h/thesis_dino/code/Restormer/experiments/Holo_global_addition_render_fixed128_B6_latent/models/net_g_60000.pth
Holo_concat_render_fixed128_spatial_B6_latent,Concatenation: render B6,full256,val,339,24.1430282768896,19.962878653018226,0.8191877591573713,0.6511652754863926,/home/woody/iwnt/iwnt174h/thesis_dino/code/Restormer/experiments/Holo_concat_render_fixed128_spatial_B6_latent/models/net_g_292000.pth
Holo_concat_render_fixed128_spatial_B6_latent,Concatenation: render B6,full256,test,338,24.06507986145367,19.74131673635056,0.8227371094824256,0.649603807792589,/home/woody/iwnt/iwnt174h/thesis_dino/code/Restormer/experiments/Holo_concat_render_fixed128_spatial_B6_latent/models/net_g_292000.pth
Holo_concat_render_fixed128_spatial_B6_latent,Concatenation: render B6,crop128,val,339,22.446915419997776,20.44258568956164,0.7443195180644974,0.6712618649907047,/home/woody/iwnt/iwnt174h/thesis_dino/code/Restormer/experiments/Holo_concat_render_fixed128_spatial_B6_latent/models/net_g_292000.pth
Holo_concat_render_fixed128_spatial_B6_latent,Concatenation: render B6,crop128,test,338,22.47310031811533,20.462424772140338,0.749966453181871,0.6744987643307128,/home/woody/iwnt/iwnt174h/thesis_dino/code/Restormer/experiments/Holo_concat_render_fixed128_spatial_B6_latent/models/net_g_292000.pth
Holo_gated_render_fixed128_B6_latent,Gated addition: render B6,full256,val,339,24.214151841487656,20.00406779619534,0.8107311720408277,0.6418246270853764,/home/woody/iwnt/iwnt174h/thesis_dino/code/Restormer/experiments/Holo_gated_render_fixed128_B6_latent/models/net_g_140000.pth
Holo_gated_render_fixed128_B6_latent,Gated addition: render B6,full256,test,338,24.12336928834007,19.81078936859296,0.812585333397877,0.6375003214099016,/home/woody/iwnt/iwnt174h/thesis_dino/code/Restormer/experiments/Holo_gated_render_fixed128_B6_latent/models/net_g_140000.pth
Holo_gated_render_fixed128_B6_latent,Gated addition: render B6,crop128,val,339,21.909722237669566,19.899246218847356,0.722818741390127,0.6451076722318648,/home/woody/iwnt/iwnt174h/thesis_dino/code/Restormer/experiments/Holo_gated_render_fixed128_B6_latent/models/net_g_140000.pth
Holo_gated_render_fixed128_B6_latent,Gated addition: render B6,crop128,test,338,22.007208140289173,19.98314342212311,0.7294425172127941,0.6482888054238224,/home/woody/iwnt/iwnt174h/thesis_dino/code/Restormer/experiments/Holo_gated_render_fixed128_B6_latent/models/net_g_140000.pth
Holo_gated_noisy_fixed128_B6_latent,Gated addition: noisy B6,full256,val,339,21.093907543427985,17.25527502358096,0.7603011707756255,0.5390624901388386,/home/woody/iwnt/iwnt174h/thesis_dino/code/Restormer/experiments/Holo_gated_noisy_fixed128_B6_latent/models/net_g_72000.pth
Holo_gated_noisy_fixed128_B6_latent,Gated addition: noisy B6,full256,test,338,21.161891902798835,17.130551295332737,0.7636439493217516,0.5355474854230059,/home/woody/iwnt/iwnt174h/thesis_dino/code/Restormer/experiments/Holo_gated_noisy_fixed128_B6_latent/models/net_g_72000.pth
Holo_gated_noisy_fixed128_B6_latent,Gated addition: noisy B6,crop128,val,339,19.181325635019842,17.073452528133416,0.6584924697433701,0.5364827578895409,/home/woody/iwnt/iwnt174h/thesis_dino/code/Restormer/experiments/Holo_gated_noisy_fixed128_B6_latent/models/net_g_72000.pth
Holo_gated_noisy_fixed128_B6_latent,Gated addition: noisy B6,crop128,test,338,18.780814078823727,16.718647308803575,0.6485640997691828,0.5246503310322335,/home/woody/iwnt/iwnt174h/thesis_dino/code/Restormer/experiments/Holo_gated_noisy_fixed128_B6_latent/models/net_g_72000.pth
Holo_addition_render_fixed128_B3_latent,Addition: render B3,full256,val,339,24.350636170671404,20.173954054421646,0.8238055326534799,0.6576767818885456,/home/woody/iwnt/iwnt174h/thesis_dino/code/Restormer/experiments/Holo_addition_render_fixed128_B3_latent/models/net_g_256000.pth
Holo_addition_render_fixed128_B3_latent,Addition: render B3,full256,test,338,24.30875711436132,19.975534925255037,0.8269893606094867,0.6541954979209168,/home/woody/iwnt/iwnt174h/thesis_dino/code/Restormer/experiments/Holo_addition_render_fixed128_B3_latent/models/net_g_256000.pth
Holo_addition_render_fixed128_B3_latent,Addition: render B3,crop128,val,339,22.322503489636173,20.36229906453926,0.7388613329589618,0.662493301909295,/home/woody/iwnt/iwnt174h/thesis_dino/code/Restormer/experiments/Holo_addition_render_fixed128_B3_latent/models/net_g_256000.pth
Holo_addition_render_fixed128_B3_latent,Addition: render B3,crop128,test,338,22.252942620245875,20.25554166428301,0.7419547724538652,0.6643845263185991,/home/woody/iwnt/iwnt174h/thesis_dino/code/Restormer/experiments/Holo_addition_render_fixed128_B3_latent/models/net_g_256000.pth
Holo_addition_render_fixed128_B9_latent,Addition: render B9,full256,val,339,24.246595460665688,20.099020780905324,0.8222715409655947,0.6598460558420386,/home/woody/iwnt/iwnt174h/thesis_dino/code/Restormer/experiments/Holo_addition_render_fixed128_B9_latent/models/net_g_236000.pth
Holo_addition_render_fixed128_B9_latent,Addition: render B9,full256,test,338,24.140305737192776,19.843344758120338,0.823563022147206,0.6522838116986517,/home/woody/iwnt/iwnt174h/thesis_dino/code/Restormer/experiments/Holo_addition_render_fixed128_B9_latent/models/net_g_236000.pth
Holo_addition_render_fixed128_B9_latent,Addition: render B9,crop128,val,339,22.241214730725837,20.231172699977023,0.7419281323528788,0.6665734868150838,/home/woody/iwnt/iwnt174h/thesis_dino/code/Restormer/experiments/Holo_addition_render_fixed128_B9_latent/models/net_g_236000.pth
Holo_addition_render_fixed128_B9_latent,Addition: render B9,crop128,test,338,22.175984600556934,20.185998633284555,0.7422424780740715,0.6670405763238372,/home/woody/iwnt/iwnt174h/thesis_dino/code/Restormer/experiments/Holo_addition_render_fixed128_B9_latent/models/net_g_236000.pth
Holo_affm_render_fixed128_spatial_L36_latent,"AFFM addition: B3, B6",full256,val,339,24.260057104625854,20.021570590321318,0.8214752436307626,0.6516033952750229,/home/woody/iwnt/iwnt174h/thesis_dino/code/Restormer/experiments/Holo_affm_render_fixed128_spatial_L36_latent/models/net_g_220000.pth
Holo_affm_render_fixed128_spatial_L36_latent,"AFFM addition: B3, B6",full256,test,338,24.06870581432949,19.729128762344047,0.823002431456435,0.6466939862288026,/home/woody/iwnt/iwnt174h/thesis_dino/code/Restormer/experiments/Holo_affm_render_fixed128_spatial_L36_latent/models/net_g_220000.pth
Holo_affm_render_fixed128_spatial_L36_latent,"AFFM addition: B3, B6",crop128,val,339,22.2926697595453,20.25860864290807,0.7402153105677876,0.6623232232625906,/home/woody/iwnt/iwnt174h/thesis_dino/code/Restormer/experiments/Holo_affm_render_fixed128_spatial_L36_latent/models/net_g_220000.pth
Holo_affm_render_fixed128_spatial_L36_latent,"AFFM addition: B3, B6",crop128,test,338,22.32519383646014,20.32407517952603,0.7436585962627176,0.6683763463137462,/home/woody/iwnt/iwnt174h/thesis_dino/code/Restormer/experiments/Holo_affm_render_fixed128_spatial_L36_latent/models/net_g_220000.pth
Holo_affm_render_fixed128_spatial_L369_latent,"AFFM addition: B3, B6, B9",full256,val,339,24.382182371577514,20.138581196562157,0.8225347987571838,0.6529947490604517,/home/woody/iwnt/iwnt174h/thesis_dino/code/Restormer/experiments/Holo_affm_render_fixed128_spatial_L369_latent/models/net_g_224000.pth
Holo_affm_render_fixed128_spatial_L369_latent,"AFFM addition: B3, B6, B9",full256,test,338,24.335779863604046,19.950892178503906,0.8260837843905061,0.6503975413398739,/home/woody/iwnt/iwnt174h/thesis_dino/code/Restormer/experiments/Holo_affm_render_fixed128_spatial_L369_latent/models/net_g_224000.pth
Holo_affm_render_fixed128_spatial_L369_latent,"AFFM addition: B3, B6, B9",crop128,val,339,22.31419308561503,20.277096800035356,0.7399267464852137,0.6625795119669079,/home/woody/iwnt/iwnt174h/thesis_dino/code/Restormer/experiments/Holo_affm_render_fixed128_spatial_L369_latent/models/net_g_224000.pth
Holo_affm_render_fixed128_spatial_L369_latent,"AFFM addition: B3, B6, B9",crop128,test,338,22.316254434595404,20.288842124688205,0.7458663395706512,0.6705771090486325,/home/woody/iwnt/iwnt174h/thesis_dino/code/Restormer/experiments/Holo_affm_render_fixed128_spatial_L369_latent/models/net_g_224000.pth
Holo_affm_render_fixed128_spatial_L3691_latent,"AFFM addition: B3, B6, B9, B12",full256,val,339,24.404336588472933,20.154083531023097,0.8243320446721029,0.6569011095622,/home/woody/iwnt/iwnt174h/thesis_dino/code/Restormer/experiments/Holo_affm_render_fixed128_spatial_L3691_latent/models/net_g_224000.pth
Holo_affm_render_fixed128_spatial_L3691_latent,"AFFM addition: B3, B6, B9, B12",full256,test,338,24.3110675735415,19.923209353286286,0.827881680386613,0.6526338922534782,/home/woody/iwnt/iwnt174h/thesis_dino/code/Restormer/experiments/Holo_affm_render_fixed128_spatial_L3691_latent/models/net_g_224000.pth
Holo_affm_render_fixed128_spatial_L3691_latent,"AFFM addition: B3, B6, B9, B12",crop128,val,339,22.394416750542717,20.312036293378895,0.7426823798690211,0.6654714700824286,/home/woody/iwnt/iwnt174h/thesis_dino/code/Restormer/experiments/Holo_affm_render_fixed128_spatial_L3691_latent/models/net_g_224000.pth
Holo_affm_render_fixed128_spatial_L3691_latent,"AFFM addition: B3, B6, B9, B12",crop128,test,338,22.303307168709164,20.293592229998673,0.7445749232036097,0.66639559759512,/home/woody/iwnt/iwnt174h/thesis_dino/code/Restormer/experiments/Holo_affm_render_fixed128_spatial_L3691_latent/models/net_g_224000.pth
Holo_aca_render_fixed128_L6_latent,ACA: B6,full256,val,339,24.19487602568882,19.975935540837117,0.8190235671931172,0.6440822616057174,/home/woody/iwnt/iwnt174h/thesis_dino/code/Restormer/experiments/Holo_aca_render_fixed128_L6_latent/models/net_g_236000.pth
Holo_aca_render_fixed128_L6_latent,ACA: B6,full256,test,338,24.110921124406627,19.76115709605664,0.8211355505019204,0.6400457955641914,/home/woody/iwnt/iwnt174h/thesis_dino/code/Restormer/experiments/Holo_aca_render_fixed128_L6_latent/models/net_g_236000.pth
Holo_aca_render_fixed128_L6_latent,ACA: B6,crop128,val,339,22.104001803211315,20.094368062459953,0.7351938362558816,0.6566077608238584,/home/woody/iwnt/iwnt174h/thesis_dino/code/Restormer/experiments/Holo_aca_render_fixed128_L6_latent/models/net_g_236000.pth
Holo_aca_render_fixed128_L6_latent,ACA: B6,crop128,test,338,21.954668390440627,19.95298778894969,0.7338446527328566,0.6538039813393031,/home/woody/iwnt/iwnt174h/thesis_dino/code/Restormer/experiments/Holo_aca_render_fixed128_L6_latent/models/net_g_236000.pth
Holo_aca_render_fixed128_L36_latent,"ACA: B3, B6",full256,val,339,24.237488254924262,20.09190886976763,0.8209902171352297,0.6520077780445901,/home/woody/iwnt/iwnt174h/thesis_dino/code/Restormer/experiments/Holo_aca_render_fixed128_L36_latent/models/net_g_296000.pth
Holo_aca_render_fixed128_L36_latent,"ACA: B3, B6",full256,test,338,24.1958742053275,19.894844799692198,0.8238141824184985,0.647893636950887,/home/woody/iwnt/iwnt174h/thesis_dino/code/Restormer/experiments/Holo_aca_render_fixed128_L36_latent/models/net_g_296000.pth
Holo_aca_render_fixed128_L36_latent,"ACA: B3, B6",crop128,val,339,22.221930602812012,20.188464813296914,0.738386098318725,0.6602873220877113,/home/woody/iwnt/iwnt174h/thesis_dino/code/Restormer/experiments/Holo_aca_render_fixed128_L36_latent/models/net_g_296000.pth
Holo_aca_render_fixed128_L36_latent,"ACA: B3, B6",crop128,test,338,22.12842959770212,20.125361582441954,0.7381660995652018,0.6594881072586509,/home/woody/iwnt/iwnt174h/thesis_dino/code/Restormer/experiments/Holo_aca_render_fixed128_L36_latent/models/net_g_296000.pth
Holo_aca_render_fixed128_L6912_latent,"ACA: B6, B9, B12",full256,val,339,24.22389961552829,19.932461085186326,0.8211337869989113,0.6406487830423105,/home/woody/iwnt/iwnt174h/thesis_dino/code/Restormer/experiments/Holo_aca_render_fixed128_L6912_latent/models/net_g_224000.pth
Holo_aca_render_fixed128_L6912_latent,"ACA: B6, B9, B12",full256,test,338,24.071347007125283,19.64789846347569,0.8215099943409804,0.6313034368944442,/home/woody/iwnt/iwnt174h/thesis_dino/code/Restormer/experiments/Holo_aca_render_fixed128_L6912_latent/models/net_g_224000.pth
Holo_aca_render_fixed128_L6912_latent,"ACA: B6, B9, B12",crop128,val,339,21.9961526663732,19.927006692237757,0.7324871456568659,0.6492124204572995,/home/woody/iwnt/iwnt174h/thesis_dino/code/Restormer/experiments/Holo_aca_render_fixed128_L6912_latent/models/net_g_224000.pth
Holo_aca_render_fixed128_L6912_latent,"ACA: B6, B9, B12",crop128,test,338,21.869506405206305,19.84395930518101,0.732177951443186,0.6489176086671469,/home/woody/iwnt/iwnt174h/thesis_dino/code/Restormer/experiments/Holo_aca_render_fixed128_L6912_latent/models/net_g_224000.pth
Holo_dinolight_render_fixed128_L3691_aca_latent,DINOLight-inspired: four depths,full256,val,339,24.34430490447141,20.112964926907008,0.8235122083242475,0.6522357224364905,/home/woody/iwnt/iwnt174h/thesis_dino/code/Restormer/experiments/Holo_dinolight_render_fixed128_L3691_aca_latent/models/net_g_272000.pth
Holo_dinolight_render_fixed128_L3691_aca_latent,DINOLight-inspired: four depths,full256,test,338,24.3899299401784,19.972068586205456,0.8275628266833474,0.6485704070412238,/home/woody/iwnt/iwnt174h/thesis_dino/code/Restormer/experiments/Holo_dinolight_render_fixed128_L3691_aca_latent/models/net_g_272000.pth
Holo_dinolight_render_fixed128_L3691_aca_latent,DINOLight-inspired: four depths,crop128,val,339,22.16051021175611,20.148638153977792,0.736367134895323,0.658310080360156,/home/woody/iwnt/iwnt174h/thesis_dino/code/Restormer/experiments/Holo_dinolight_render_fixed128_L3691_aca_latent/models/net_g_272000.pth
Holo_dinolight_render_fixed128_L3691_aca_latent,DINOLight-inspired: four depths,crop128,test,338,22.05258507449008,20.01313345065276,0.7376170921171958,0.6581860426176654,/home/woody/iwnt/iwnt174h/thesis_dino/code/Restormer/experiments/Holo_dinolight_render_fixed128_L3691_aca_latent/models/net_g_272000.pth
Holo_postlatent_render_fixed128_B6,Addition: B6 post-latent,full256,val,339,24.433328807731304,20.105598437180234,0.8231078612438106,0.6435676523457827,/home/woody/iwnt/iwnt174h/thesis_dino/code/Restormer/experiments/Holo_postlatent_render_fixed128_B6/models/net_g_292000.pth
Holo_postlatent_render_fixed128_B6,Addition: B6 post-latent,full256,test,338,24.38655186381203,19.890500300145113,0.8269607547681157,0.637189401847548,/home/woody/iwnt/iwnt174h/thesis_dino/code/Restormer/experiments/Holo_postlatent_render_fixed128_B6/models/net_g_292000.pth
Holo_postlatent_render_fixed128_B6,Addition: B6 post-latent,crop128,val,339,22.27551560815786,20.254767180727764,0.7364332557551523,0.6570417532120463,/home/woody/iwnt/iwnt174h/thesis_dino/code/Restormer/experiments/Holo_postlatent_render_fixed128_B6/models/net_g_292000.pth
Holo_postlatent_render_fixed128_B6,Addition: B6 post-latent,crop128,test,338,22.267045406236104,20.269865697525304,0.7389618395450165,0.6598086264420957,/home/woody/iwnt/iwnt174h/thesis_dino/code/Restormer/experiments/Holo_postlatent_render_fixed128_B6/models/net_g_292000.pth
Holo_postlatent_render_fixed128_B3,Addition: B3 post-latent,full256,val,339,24.434949371509507,20.145108526963167,0.8243398673451366,0.6464330756551345,/home/woody/iwnt/iwnt174h/thesis_dino/code/Restormer/experiments/Holo_postlatent_render_fixed128_B3/models/net_g_296000.pth
Holo_postlatent_render_fixed128_B3,Addition: B3 post-latent,full256,test,338,24.480479451549463,20.02314678412126,0.8284279174546415,0.6420957251288392,/home/woody/iwnt/iwnt174h/thesis_dino/code/Restormer/experiments/Holo_postlatent_render_fixed128_B3/models/net_g_296000.pth
Holo_postlatent_render_fixed128_B3,Addition: B3 post-latent,crop128,val,339,22.247328252839377,20.25104257936422,0.7369768273602577,0.6578465202951126,/home/woody/iwnt/iwnt174h/thesis_dino/code/Restormer/experiments/Holo_postlatent_render_fixed128_B3/models/net_g_296000.pth
Holo_postlatent_render_fixed128_B3,Addition: B3 post-latent,crop128,test,338,22.212095328020265,20.216013863396448,0.7366137868879757,0.6562732388382767,/home/woody/iwnt/iwnt174h/thesis_dino/code/Restormer/experiments/Holo_postlatent_render_fixed128_B3/models/net_g_296000.pth
Holo_aca_postlatent_render_fixed128_B6,ACA: B6 post-latent,full256,val,339,24.295437715474524,20.0024614688776,0.820984871929995,0.6431666261221016,/home/woody/iwnt/iwnt174h/thesis_dino/code/Restormer/experiments/Holo_aca_postlatent_render_fixed128_B6/models/net_g_276000.pth
Holo_aca_postlatent_render_fixed128_B6,ACA: B6 post-latent,full256,test,338,24.139358327797623,19.69949945429076,0.8221355545604225,0.6320330271648142,/home/woody/iwnt/iwnt174h/thesis_dino/code/Restormer/experiments/Holo_aca_postlatent_render_fixed128_B6/models/net_g_276000.pth
Holo_aca_postlatent_render_fixed128_B6,ACA: B6 post-latent,crop128,val,339,22.057869773914483,20.030380384594604,0.7319242327408979,0.6500332928998991,/home/woody/iwnt/iwnt174h/thesis_dino/code/Restormer/experiments/Holo_aca_postlatent_render_fixed128_B6/models/net_g_276000.pth
Holo_aca_postlatent_render_fixed128_B6,ACA: B6 post-latent,crop128,test,338,21.999140080911904,19.960783937216252,0.7326105794895668,0.6482295557587705,/home/woody/iwnt/iwnt174h/thesis_dino/code/Restormer/experiments/Holo_aca_postlatent_render_fixed128_B6/models/net_g_276000.pth
Holo_multilevel_addition_render_fixed128_B6,Multi-level addition: B6,full256,val,339,23.932406359533672,19.66226531670444,0.811421513086468,0.6346798343095568,/home/woody/iwnt/iwnt174h/thesis_dino/code/Restormer/experiments/Holo_multilevel_addition_render_fixed128_B6/models/net_g_236000.pth
Holo_multilevel_addition_render_fixed128_B6,Multi-level addition: B6,full256,test,338,23.868912979061623,19.4569953257698,0.815245270940361,0.6316976986487091,/home/woody/iwnt/iwnt174h/thesis_dino/code/Restormer/experiments/Holo_multilevel_addition_render_fixed128_B6/models/net_g_236000.pth
Holo_multilevel_addition_render_fixed128_B6,Multi-level addition: B6,crop128,val,339,22.273521343617524,20.27121431129634,0.7366956187716984,0.6599458024590578,/home/woody/iwnt/iwnt174h/thesis_dino/code/Restormer/experiments/Holo_multilevel_addition_render_fixed128_B6/models/net_g_236000.pth
Holo_multilevel_addition_render_fixed128_B6,Multi-level addition: B6,crop128,test,338,22.19573343809549,20.193686207143617,0.7384165573066208,0.6600756408869165,/home/woody/iwnt/iwnt174h/thesis_dino/code/Restormer/experiments/Holo_multilevel_addition_render_fixed128_B6/models/net_g_236000.pth
Holo_multilevel_aca_render_fixed128_B6,Multi-level ACA: B6,full256,val,339,24.12764531128727,19.939822778388802,0.8162915442982752,0.6427127334379393,/home/woody/iwnt/iwnt174h/thesis_dino/code/Restormer/experiments/Holo_multilevel_aca_render_fixed128_B6/models/net_g_276000.pth
Holo_multilevel_aca_render_fixed128_B6,Multi-level ACA: B6,full256,test,338,23.961052022104706,19.609964556110885,0.8189947002478424,0.6342608542076386,/home/woody/iwnt/iwnt174h/thesis_dino/code/Restormer/experiments/Holo_multilevel_aca_render_fixed128_B6/models/net_g_276000.pth
Holo_multilevel_aca_render_fixed128_B6,Multi-level ACA: B6,crop128,val,339,22.17027256384174,20.162412839480748,0.7347875433793012,0.6556920958904575,/home/woody/iwnt/iwnt174h/thesis_dino/code/Restormer/experiments/Holo_multilevel_aca_render_fixed128_B6/models/net_g_276000.pth
Holo_multilevel_aca_render_fixed128_B6,Multi-level ACA: B6,crop128,test,338,22.111436313822907,20.107773111231342,0.73481376422184,0.6531169024774944,/home/woody/iwnt/iwnt174h/thesis_dino/code/Restormer/experiments/Holo_multilevel_aca_render_fixed128_B6/models/net_g_276000.pth
